table name ,columns,
dim_customer,customer_code,
,customer,
,platform,
,channel,
,market,
,sub_zone,
,region,
dim_product,product_code,
,division,
,segment,
,category,
,product,
,variant,
fact_gross_price,product_code,
,fiscal_year,
,gross_price,
fact_maunfacturing_cost,product_code,
,cost_year,
,manufacturing_cost,
fact_pre_invoice_deductions,customer_code,f1
,fiscal_year,
,pre_invoice_discount_pct,
fact_sales_monthly,date,
,product_code,
,customer_code,
,sold_quantity,
,fiscal_year,
